MAE,MSE,RMSE
0.25589471672201974,0.17423260666877974,0.41741179507625287
