MAE,MSE,RMSE
0.25300994248628483,0.16964851131754993,0.41188409937450843
