MAE,MSE,RMSE
0.3076047112506901,0.20171758697936965,0.44912981083353803
